Marque,Nom,Référence,Condition,Boîte,Papiers,Prix
Rolex,Datejust,126334,Excellent,No,No,"$13,100"
Blancpain,Villeret GMT,6260-1542-55,Excellent,No,No,"$9,500"
Tudor,Heritage Black Bay,79360,Excellent,Yes,Yes,"$5,600"
Panerai,Luminor Marina 1950,PAM 422,Excellent,Yes,Yes,"$7,850"
Panerai,Radiomir GMT,PAM 323,Excellent,No,No,"$5,800"
Panerai,Luminor Marina 1950,PAM 661,Excellent,Yes,Yes,"$7,550"
Cartier,Santos 100,W20073X8,Excellent,Yes,Yes,"$5,950"
Cartier,Santos de Cartier,WSSA0018,Excellent,Yes,Yes,"$7,150"
Tudor,Heritage Black Bay Fifty-Eight,79030,Excellent,Yes,Yes,"$3,700"
Hublot,Big Bang Evolution,301.SX.130.RX,Excellent,No,No,"$8,450"
OMEGA,Speedmaster Professional Moonwatch,311.33.42.30.01.001,Excellent,Yes,Yes,"$4,600"
OMEGA,Seamaster 300M,2598.80.00,Excellent,No,No,"$3,000"
IWC,Pilot Le Petit Prince,IW3777-14,Excellent,Yes,Yes,"$4,800"
Grand Seiko,Evolution 9 Spring Drive,SLGA009,Excellent,Yes,Yes,"$7,050"
Grand Seiko,Heritage Quartz,SBGX261,Excellent,Yes,Yes,"$2,050"
Tudor,Heritage Black Bay,79500,Excellent,Yes,Yes,"$3,150"
Rolex,Datejust,126334,Excellent,Yes,Yes,"$13,600"
Rolex,Explorer,214270,Excellent,Yes,Yes,"$10,700"
Rolex,Submariner,116610,Excellent,Yes,Yes,"$12,400"
IWC,Pilot Mark XVI,IW3255-02,Excellent,No,No,"$3,200"
Cartier,Tank Must,WSTA0053,Excellent,Yes,Yes,"$4,400"
IWC,Pilot Mark XVIII,IW3270-10,Excellent,Yes,Yes,"$3,900"
OMEGA,Seamaster Planet Ocean,215.30.44.21.03.001,Excellent,Yes,Yes,"$4,800"
OMEGA,Seamaster Aqua Terra,231.10.42.21.03.004,Excellent,No,No,"$6,700"
IWC,Aquatimer,IW3290-03,Excellent,No,No,"$3,900"
Zenith,Defy Classic,95.9000.670,Excellent,Yes,Yes,"$4,650"
Rolex,Datejust,16200,Excellent,No,No,"$6,200"
Cartier,Santos de Cartier,W2SA0016,Very Good,Yes,Yes,"$7,900"
OMEGA,Speedmaster Racing,326.30.40.50.01.002,Excellent,Yes,Yes,"$3,900"
OMEGA,Speedmaster Legend,3507.51.00,Excellent,No,No,"$5,300"
Rolex,Datejust,126334,Excellent,No,No,"$13,100"
Blancpain,Villeret GMT,6260-1542-55,Excellent,No,No,"$9,500"
Tudor,Heritage Black Bay,79360,Excellent,Yes,Yes,"$5,600"
Panerai,Luminor Marina 1950,PAM 422,Excellent,Yes,Yes,"$7,850"
Panerai,Radiomir GMT,PAM 323,Excellent,No,No,"$5,800"
Panerai,Luminor Marina 1950,PAM 661,Excellent,Yes,Yes,"$7,550"
Cartier,Santos 100,W20073X8,Excellent,Yes,Yes,"$5,950"
Cartier,Santos de Cartier,WSSA0018,Excellent,Yes,Yes,"$7,150"
Tudor,Heritage Black Bay Fifty-Eight,79030,Excellent,Yes,Yes,"$3,700"
Hublot,Big Bang Evolution,301.SX.130.RX,Excellent,No,No,"$8,450"
OMEGA,Speedmaster Professional Moonwatch,311.33.42.30.01.001,Excellent,Yes,Yes,"$4,600"
OMEGA,Seamaster 300M,2598.80.00,Excellent,No,No,"$3,000"
IWC,Pilot Le Petit Prince,IW3777-14,Excellent,Yes,Yes,"$4,800"
Grand Seiko,Evolution 9 Spring Drive,SLGA009,Excellent,Yes,Yes,"$7,050"
Grand Seiko,Heritage Quartz,SBGX261,Excellent,Yes,Yes,"$2,050"
Tudor,Heritage Black Bay,79500,Excellent,Yes,Yes,"$3,150"
Rolex,Datejust,126334,Excellent,Yes,Yes,"$13,600"
Rolex,Explorer,214270,Excellent,Yes,Yes,"$10,700"
Rolex,Submariner,116610,Excellent,Yes,Yes,"$12,400"
IWC,Pilot Mark XVI,IW3255-02,Excellent,No,No,"$3,200"
Cartier,Tank Must,WSTA0053,Excellent,Yes,Yes,"$4,400"
IWC,Pilot Mark XVIII,IW3270-10,Excellent,Yes,Yes,"$3,900"
OMEGA,Seamaster Planet Ocean,215.30.44.21.03.001,Excellent,Yes,Yes,"$4,800"
OMEGA,Seamaster Aqua Terra,231.10.42.21.03.004,Excellent,No,No,"$6,700"
IWC,Aquatimer,IW3290-03,Excellent,No,No,"$3,900"
Zenith,Defy Classic,95.9000.670,Excellent,Yes,Yes,"$4,650"
Rolex,Datejust,16200,Excellent,No,No,"$6,200"
Cartier,Santos de Cartier,W2SA0016,Very Good,Yes,Yes,"$7,900"
OMEGA,Speedmaster Racing,326.30.40.50.01.002,Excellent,Yes,Yes,"$3,900"
OMEGA,Speedmaster Legend,3507.51.00,Excellent,No,No,"$5,300"
OMEGA,Seamaster 300M,210.30.42.20.03.001,Excellent,Yes,Yes,"$4,800"
Tudor,Heritage Black Bay,79540,Excellent,Yes,Yes,"$2,700"
Zenith,Chronomaster Original,03.3200.3600,Excellent,No,No,"$6,700"
Breitling,Super Avenger II,A13371,Excellent,No,No,"$4,000"
Cartier,Pasha Seatimer,W31080M7,Excellent,No,No,"$3,400"
Rolex,Datejust Turn-O-Graph,116264,Excellent,No,No,"$9,000"
Breitling,Chronomat 01,AB0134,Excellent,Yes,Yes,"$5,100"
OMEGA,Speedmaster Moonwatch,311.32.40.30.01.001,Excellent,Yes,Yes,"$6,100"
Rolex,Oyster Perpetual,77080,Very Good,No,No,"$4,100"
Rolex,Datejust,16200,Very Good,No,No,"$5,975"
Rolex,Datejust,69173,Very Good,No,No,"$4,025"
Rolex,Explorer II,16570,Excellent,Yes,Yes,"$9,550"
Rolex,Oyster Perpetual,76080,Excellent,Yes,Yes,"$4,225"
Rolex,Datejust,116200,Excellent,Yes,Yes,"$7,700"
Rolex,Oyster Perpetual,114200,Excellent,Yes,Yes,"$6,500"
Rolex,Submariner,116610,Excellent,No,No,"$12,200"
Tudor,Heritage Ranger,79950,Excellent,Yes,Yes,"$3,500"
OMEGA,Speedmaster Professional Moonwatch,310.30.42.50.01.001,Excellent,Yes,Yes,"$5,950"
OMEGA,Seamaster 300M,212.30.41.20.03.001,Excellent,Yes,Yes,"$4,500"
OMEGA,Seamaster Planet Ocean,215.30.46.51.01.001,Excellent,Yes,Yes,"$6,350"
OMEGA,Seamaster 300M,2254.50.00,Excellent,No,No,"$3,750"
Breitling,Chronomat 01,AB0136,Excellent,Yes,Yes,"$5,750"
OMEGA,Seamaster Aqua Terra,220.10.41.21.03.004,Excellent,Yes,Yes,"$4,800"
Panerai,Luminor Base,PAM 915,Excellent,Yes,Yes,"$6,050"
Grand Seiko,Elegance GMT,SBGM241,Excellent,Yes,Yes,"$4,900"
OMEGA,Speedmaster Moonwatch Anniversary Series,311.30.42.30.01.001,Excellent,No,No,"$6,225"
Breitling,Super Avenger II,A13371,Excellent,Yes,Yes,"$3,500"
Rolex,Explorer,214270,Excellent,Yes,Yes,"$10,700"
Rolex,GMT-Master II,126710,Excellent,Yes,Yes,"$20,000"
OMEGA,Seamaster 300M,210.90.42.20.01.001,Excellent,Yes,Yes,"$8,250"
Nomos,Zurich,807,Excellent,Yes,Yes,"$4,300"
Rolex,Sea-Dweller,126600,Excellent,Yes,Yes,"$15,000"
Grand Seiko,Heritage Hi-Beat 36000,SBGJ001,Excellent,Yes,Yes,"$3,950"
Grand Seiko,Heritage Spring Drive,SBGA469,Excellent,Yes,Yes,"$4,700"
Grand Seiko,Elegance Hi-Beat 36000,SBGJ251,Excellent,Yes,Yes,"$5,700"
OMEGA,Seamaster Aqua Terra,220.13.41.21.10.001,Excellent,Yes,Yes,"$4,600"
Breitling,Montbrillant,A35330,Excellent,No,No,"$3,825"
OMEGA,Speedmaster Professional Moonwatch,311.30.42.30.01.005,Excellent,Yes,Yes,"$5,400"
IWC,Portuguese,IW3714-01,Excellent,Yes,Yes,"$5,025"
Tudor,Heritage Ranger,79950,Excellent,Yes,Yes,"$3,500"
Tudor,Black Bay Pro,79470,Excellent,Yes,Yes,"$3,600"
Tudor,Heritage Black Bay,79540,Excellent,Yes,Yes,"$2,950"
Tudor,Black Bay Pro,79470,Excellent,Yes,Yes,"$4,200"
Breitling,Avenger,A32397,Excellent,Yes,Yes,"$3,150"
TAG Heuer,Aquaracer,WAY2013,Excellent,No,No,"$2,250"
Breitling,SuperOcean,N17376,Excellent,Yes,Yes,"$5,000"
Tudor,Heritage Black Bay,79250,Excellent,Yes,Yes,"$3,250"
Tudor,Heritage Black Bay,79250,Excellent,Yes,Yes,"$3,200"
Grand Seiko,Elegance GMT,SBGM239,Excellent,No,No,"$4,700"
Tudor,Heritage Black Bay Fifty-Eight,79030,Excellent,Yes,Yes,"$3,900"
Tudor,Heritage Black Bay,79500,Excellent,Yes,Yes,"$3,150"
Cartier,Tank Francaise,W51008Q3,Excellent,No,No,"$2,700"
Zenith,El Primero,03.2043.4052,Excellent,Yes,Yes,"$5,500"
OMEGA,Seamaster Planet Ocean,2201.50.00,Excellent,No,No,"$4,300"
OMEGA,Seamaster 300M,210.30.42.20.01.001,Excellent,Yes,Yes,"$4,150"
Grand Seiko,Heritage Spring Drive,SBGA211,Excellent,Yes,Yes,"$5,100"
OMEGA,Seamaster Aqua Terra,220.10.38.20.02.001,Excellent,Yes,Yes,"$4,600"
Breitling,Avenger,A13317,Excellent,Yes,Yes,"$4,100"
Rolex,Submariner,14060,Excellent,Yes,Yes,"$9,800"
Rolex,Oyster Perpetual,176200,Excellent,No,No,"$4,600"
Rolex,Milgauss,116400,Excellent,No,No,"$13,300"
Zenith,Defy El Primero 21,95.9000.9004,Excellent,Yes,Yes,"$8,050"
IWC,Portuguese,IW3716-01,Excellent,Yes,Yes,"$7,550"
Panerai,Luminor Marina Logo,PAM 005,Excellent,No,No,"$5,000"
Panerai,Luminor Marina,PAM 050,Excellent,No,No,"$5,050"
Rolex,Yacht-Master II,116680,Excellent,Yes,Yes,"$18,000"
OMEGA,Speedmaster Moonwatch,311.32.40.30.01.001,Excellent,No,No,"$5,950"
OMEGA,Seamaster 300,233.90.41.21.03.001,Excellent,Yes,Yes,"$6,250"
OMEGA,De Ville Prestige,424.20.33.20.13.001,Excellent,Yes,Yes,"$4,150"
Cartier,Santos Galbee,W20011C4,Excellent,No,No,"$3,800"
IWC,Pilot,IW3777-09,Excellent,Yes,Yes,"$4,400"
Rolex,Datejust II,116334,Excellent,No,No,"$13,600"
Rolex,Yacht-Master,168623,Excellent,Yes,Yes,"$11,200"
Rolex,Daytona,116520,Excellent,Yes,Yes,"$28,900"
Rolex,Yacht-Master,116622,Excellent,Yes,Yes,"$14,000"
Rolex,Oyster Perpetual,116000,Excellent,Yes,Yes,"$7,600"
Rolex,Oyster Perpetual,114200,Excellent,Yes,Yes,"$6,900"
Rolex,Submariner,126610,Excellent,No,No,"$14,600"
Rolex,Datejust,16233,Excellent,Yes,Yes,"$7,200"
Rolex,Datejust,16233,Excellent,No,No,"$6,900"
Rolex,Datejust,116200,Excellent,Yes,Yes,"$7,700"
Rolex,Datejust,126334,Excellent,Yes,Yes,"$12,800"
Breitling,Aviator 8,AB0119,Excellent,Yes,Yes,"$4,300"
OMEGA,Constellation,123.10.24.60.55.002,Excellent,No,No,"$2,100"
Tudor,Black Bay 36 S&G,79503,Excellent,Yes,Yes,"$3,500"
Panerai,Submersible,PAM 1288,Excellent,Yes,Yes,"$10,500"
Rolex,Datejust,126333,Excellent,Yes,Yes,"$14,500"
Rolex,Explorer,14270,Excellent,No,No,"$6,950"
OMEGA,Speedmaster Professional Moonwatch,310.32.42.50.01.001,Excellent,Yes,Yes,"$5,850"
Rolex,Milgauss,116400,Excellent,Yes,Yes,"$9,600"
OMEGA,Speedmaster Moonwatch,311.32.40.30.01.001,Excellent,Yes,Yes,"$5,700"
Rolex,Oyster Perpetual,116000,Excellent,Yes,Yes,"$7,500"
Breitling,Avenger Blackbird,V17310,Excellent,Yes,Yes,"$3,600"
Hublot,Big Bang Evolution,301.SM.1770.RX,Excellent,Yes,Yes,"$7,600"
Grand Seiko,Sport Spring Drive,SBGE255,Excellent,Yes,Yes,"$5,200"
Grand Seiko,Heritage Spring Drive,SBGA413,Excellent,Yes,Yes,"$6,100"
Breitling,Super Avenger II,A13371,Excellent,Yes,Yes,"$4,400"
Cartier,Tank Must,WSTA0040,Excellent,No,No,"$4,000"
Grand Seiko,Heritage Spring Drive,SBGA211,Excellent,Yes,Yes,"$5,100"
Rolex,Oyster Perpetual,126000,Excellent,No,No,"$9,800"
Rolex,Datejust,126300,Excellent,No,No,"$10,200"
Rolex,Sky-Dweller,326934,Excellent,Yes,Yes,"$21,000"
Rolex,Datejust,126333,Excellent,Yes,Yes,"$17,000"
Rolex,Air-King,116900,Excellent,No,No,"$8,650"
OMEGA,Speedmaster Racing,326.30.40.50.04.001,Excellent,No,No,"$3,600"
Panerai,Luminor Marina,PAM 104,Excellent,Yes,Yes,"$5,250"
OMEGA,Seamaster Planet Ocean,215.30.44.21.01.001,Excellent,Yes,Yes,"$4,800"
Tudor,Heritage Black Bay GMT,79830,Excellent,Yes,Yes,"$4,000"
IWC,Pilot,IW3879-05,Excellent,Yes,Yes,"$13,775"
Breitling,Navitimer 01,AB0120,Excellent,No,No,"$5,050"
OMEGA,Seamaster 300M,210.32.42.20.01.001,Excellent,Yes,Yes,"$4,400"
Breitling,Chronomat Evolution,B13356,Excellent,Yes,Yes,"$3,200"
OMEGA,Speedmaster Date,3513.50.00,Excellent,Yes,Yes,"$2,900"
Cartier,Roadster,W62002V3,Excellent,No,No,"$3,300"
Rolex,Explorer,114270,Excellent,No,No,"$6,400"
Tudor,Heritage Black Bay Fifty-Eight,79030,Excellent,Yes,Yes,"$3,700"
Cartier,Calibre de Cartier Diver,W7100057,Excellent,No,No,"$6,400"
Cartier,Calibre de Cartier Diver,W7100057,Excellent,Yes,Yes,"$6,550"
Grand Seiko,Elegance Spring Drive,SBGE271,Excellent,Yes,Yes,"$5,100"
Tudor,Black Bay Pro,79470,Excellent,Yes,Yes,"$3,900"
Grand Seiko,Heritage Spring Drive,SBGA283,Excellent,Yes,Yes,"$3,700"
Breitling,SuperOcean II,M17368,Excellent,Yes,Yes,"$3,600"
Cartier,Tank Solo,W5200013,Excellent,No,No,"$3,500"
OMEGA,Speedmaster Day-Date,3220.50.00,Excellent,No,No,"$3,500"
OMEGA,Speedmaster Moonwatch,311.33.40.30.02.001,Excellent,Yes,Yes,"$9,050"
Cartier,Ballon Bleu,WSBB0049,Excellent,Yes,Yes,"$5,850"
Grand Seiko,Heritage Quartz,SBGP017,Excellent,Yes,Yes,"$4,400"
OMEGA,Speedmaster Date,323.30.40.40.06.001,Excellent,No,No,"$3,600"
Tudor,Pelagos,25600,Excellent,Yes,Yes,"$4,300"
OMEGA,Seamaster Planet Ocean,215.32.46.51.01.001,Excellent,No,No,"$5,800"
OMEGA,Speedmaster Racing,326.30.40.50.01.001,Excellent,No,No,"$3,600"
Panerai,Submersible,PAM 973,Excellent,No,No,"$7,300"
A. Lange & Sohne,Saxonia,219.026,Excellent,Yes,Yes,"$15,525"
IWC,Pilot,IW3240-10,Excellent,Yes,Yes,"$4,550"
OMEGA,Seamaster Planet Ocean,215.30.44.21.01.001,Excellent,Yes,Yes,"$5,100"
IWC,Pilot Spitfire,IW3268-03,Excellent,Yes,Yes,"$4,450"
Grand Seiko,Heritage Spring Drive,SBGA211,Excellent,Yes,Yes,"$5,100"
Bell & Ross,Marine Diver,BR 02-20,Excellent,Yes,Yes,"$2,600"
Grand Seiko,Heritage Spring Drive,SBGA375,Excellent,Yes,Yes,"$4,400"
Jaeger-LeCoultre,Master Ultra Thin,Q1232510,Excellent,Yes,Yes,"$16,000"
OMEGA,Speedmaster Reduced,3510.61.00,Excellent,No,No,"$3,600"
OMEGA,Seamaster 300M,2221.80.00,Excellent,Yes,Yes,"$3,600"
Cartier,Tank Francaise,W51011Q3,Excellent,No,No,"$3,300"
Jaeger-LeCoultre,Master Control,Q151812A,Excellent,No,No,"$7,450"
Grand Seiko,Elegance Manual Wind,SBGK005,Excellent,Yes,Yes,"$8,100"
Breitling,SuperOcean,A17366,Excellent,No,No,"$3,400"
Rolex,Datejust,126333,Excellent,Yes,Yes,"$15,800"
Rolex,Explorer,214270,Excellent,No,No,"$10,000"
Tudor,Heritage Black Bay GMT,79830,Excellent,Yes,Yes,"$3,700"
Breitling,Aviator Super 8,EB2040,Excellent,Yes,Yes,"$4,000"
Cartier,Tank Solo,WSTA0029,Excellent,Yes,Yes,"$4,600"
OMEGA,Speedmaster Reduced,3510.12.00,Excellent,No,No,"$3,500"
OMEGA,Seamaster Aqua Terra,231.10.39.21.03.001,Excellent,Yes,Yes,"$6,950"
OMEGA,Speedmaster Mark II,327.10.43.50.01.001,Excellent,Yes,Yes,"$4,300"
OMEGA,Seamaster Planet Ocean,232.32.46.21.01.005,Excellent,Yes,Yes,"$4,900"
Tudor,Heritage Black Bay,79363,Excellent,Yes,Yes,"$5,050"
Grand Seiko,Elegance Spring Drive,SBGE271,Excellent,Yes,Yes,"$4,800"
OMEGA,Seamaster 300,233.22.41.21.01.002,Excellent,Yes,Yes,"$6,175"
Breitling,Navitimer 01,AB0120,Excellent,Yes,Yes,"$5,600"
OMEGA,De Ville Hour Vision,431.33.41.21.03.001,Excellent,Yes,Yes,"$4,550"
OMEGA,Speedmaster Dark Side of the Moon,311.92.44.51.01.007,Excellent,Yes,Yes,"$8,550"
OMEGA,Seamaster Bullhead,225.12.43.50.01.001,Excellent,Yes,Yes,"$7,000"
IWC,Big Pilot Le Petit Prince,IW5010-02,Excellent,Yes,Yes,"$9,450"
Tudor,Heritage Black Bay,79360,Excellent,Yes,Yes,"$6,000"
Rolex,Cellini Dual Time,50525,Excellent,Yes,Yes,"$16,500"
OMEGA,Seamaster 300M,212.30.42.50.01.001,Excellent,No,No,"$4,700"
Tudor,Pelagos,25600,Very Good,Yes,Yes,"$4,000"
IWC,Pilot,IW3881-03,Excellent,Yes,Yes,"$6,500"
OMEGA,Speedmaster Racing,326.30.40.50.02.001,Excellent,Yes,Yes,"$4,000"
OMEGA,Seamaster Planet Ocean,232.30.44.22.01.001,Excellent,No,No,"$4,600"
Grand Seiko,Heritage Hi-Beat 36000,SBGJ261,Excellent,Yes,Yes,"$6,300"
Breitling,Premier,A13315,Excellent,Yes,Yes,"$4,900"
Breitling,Navitimer World,A24322,Excellent,Yes,Yes,"$5,400"
Tudor,Heritage Black Bay Fifty-Eight,79030,Excellent,Yes,Yes,"$3,700"
Tudor,Prince Date,79280P,Excellent,Yes,Yes,"$4,050"
Tudor,Heritage Black Bay Fifty-Eight,79030,Excellent,Yes,Yes,"$3,800"
Breitling,Avenger,A17318,Excellent,Yes,Yes,"$3,000"
A. Lange & Sohne,Saxonia Thin,211.026,Excellent,Yes,Yes,"$16,700"
OMEGA,Speedmaster Day-Date,3220.50.00,Excellent,Yes,Yes,"$3,600"
Rolex,Explorer II,16570,Excellent,Yes,Yes,"$9,150"
Rolex,Submariner,116613,Excellent,No,No,"$15,500"
Rolex,Datejust,126300,Excellent,No,No,"$9,700"
Rolex,GMT-Master II,16710,Very Good,No,No,"$13,075"
Rolex,Oyster Perpetual,124200,Excellent,Yes,Yes,"$7,100"
Rolex,Explorer II,216570,Excellent,Yes,Yes,"$10,200"
Zenith,Elite Moonphase,03.3100.692/01.C922,Excellent,No,No,"$5,600"
Tudor,Heritage Black Bay GMT,79830,Excellent,Yes,Yes,"$3,000"
Tudor,Pelagos,25610,Excellent,Yes,Yes,"$4,400"
Tudor,Heritage Black Bay GMT,79830,Excellent,Yes,Yes,"$4,000"
OMEGA,Seamaster 300M,210.30.42.20.06.001,Excellent,No,No,"$4,600"
OMEGA,Seamaster 300,234.32.41.21.03.001,Excellent,Yes,Yes,"$5,800"
OMEGA,Seamaster 300M,210.30.42.20.03.001,Excellent,Yes,Yes,"$4,800"
Panerai,Luminor Marina,PAM 590,Excellent,Yes,Yes,"$6,150"
OMEGA,Seamaster 300M,210.90.42.20.01.001,Excellent,Yes,Yes,"$8,250"
OMEGA,Speedmaster Broad Arrow,3581.50.00,Very Good,Yes,Yes,"$5,125"
IWC,Pilot Mark XVI,IW3255-05,Excellent,Yes,Yes,"$3,775"
OMEGA,Speedmaster Racing,326.30.40.50.01.001,Excellent,Yes,Yes,"$4,000"
Tudor,Fastrider Black Shield,42000,Excellent,Yes,Yes,"$4,125"
Rolex,Air-King,114210,Excellent,No,No,"$6,250"
Rolex,Datejust II,116333,Excellent,Yes,Yes,"$14,600"
Cartier,Pasha de Cartier,WSPA0009,Excellent,No,No,"$5,600"
OMEGA,Seamaster Planet Ocean,2901.51.82,Excellent,Yes,Yes,"$4,450"
OMEGA,Seamaster 300M,210.30.42.20.03.001,Excellent,Yes,Yes,"$4,800"
Tudor,Pelagos,25707,Excellent,Yes,Yes,"$5,400"
Jaeger-LeCoultre,Reverso,Q2608530,Excellent,Yes,Yes,"$4,500"
IWC,Portofino,IW5164-06,Excellent,No,No,"$8,200"
Jaeger-LeCoultre,Reverso,Q3978480,Excellent,Yes,Yes,"$7,925"
OMEGA,Seamaster 300,233.32.41.21.01.001,Excellent,Yes,Yes,"$10,600"
OMEGA,Speedmaster Professional Moonwatch,311.30.42.30.01.005,Excellent,Yes,Yes,"$5,100"
Breitling,Chronomat,IB01341,Excellent,Yes,Yes,"$6,750"
Breitling,Premier,R37340,Excellent,Yes,Yes,"$10,500"
OMEGA,Seamaster Planet Ocean,215.30.40.20.03.001,Excellent,Yes,Yes,"$4,900"
TAG Heuer,Aquaracer,WAY2015,Excellent,Yes,Yes,"$2,950"
Panerai,Luminor Marina 1950,PAM 1351,Excellent,No,No,"$7,300"
Tudor,Heritage Black Bay GMT,79830,Excellent,Yes,Yes,"$4,000"
OMEGA,De Ville Prestige,424.10.24.60.01.001,Excellent,No,No,"$1,800"
Jaeger-LeCoultre,Master Geographic,Q1428530,Excellent,No,No,"$7,275"
Breitling,Endurance Pro,X82310,Excellent,Yes,Yes,"$2,850"
Rolex,Explorer II,16570,Excellent,Yes,Yes,"$9,550"
Rolex,GMT-Master II,16710,Very Good,Yes,Yes,"$13,675"
Rolex,Submariner,126610,Excellent,Yes,Yes,"$14,800"
Rolex,Submariner,116613,Excellent,Yes,Yes,"$15,300"
Rolex,Yacht-Master,126622,Excellent,Yes,Yes,"$16,500"
Breitling,SuperOcean Heritage,A10370,Excellent,Yes,Yes,"$3,700"
Breitling,B-2,A42362,Excellent,No,No,"$2,900"
OMEGA,Constellation,131.33.41.21.01.001,Excellent,Yes,Yes,"$4,800"
OMEGA,Seamaster Specialties,522.30.42.20.04.001,Excellent,Yes,Yes,"$6,550"
Tudor,Heritage Black Bay GMT,79830,Excellent,Yes,Yes,"$4,000"
Breitling,SuperOcean,A17366,Excellent,Yes,Yes,"$3,250"
Rolex,Datejust,1603,Very Good,No,No,"$5,900"
Rolex,Submariner,16613,Very Good,Yes,Yes,"$11,800"
Rolex,Explorer II,226570,Excellent,Yes,Yes,"$14,300"
OMEGA,Seamaster Planet Ocean,215.30.44.21.01.001,Excellent,Yes,Yes,"$5,100"
Rolex,Datejust,126333,Excellent,Yes,Yes,"$14,750"
Breitling,Chronomat 01,UB0134,Excellent,Yes,Yes,"$9,275"
OMEGA,Constellation Globemaster,130.23.41.22.06.001,Excellent,No,No,"$6,200"
Cartier,Drive de Cartier,WGNM0008,Excellent,Yes,Yes,"$10,000"
Glashutte Original,SeaQ Chronograph,1-37-23-02-81-70,Excellent,Yes,Yes,"$13,500"
OMEGA,De Ville Prestige,424.20.27.60.52.003,Excellent,No,No,"$4,000"
Cartier,Ronde Louis,WR000651,Excellent,No,No,"$8,500"
Breitling,SuperOcean II,A17392,Excellent,Yes,Yes,"$3,600"
Cartier,Tank Solo,WSTA0029,Excellent,No,No,"$4,500"
OMEGA,Seamaster 300M,210.92.42.20.01.001,Excellent,Yes,Yes,"$7,200"
Breitling,SuperOcean,A17366,Excellent,No,No,"$3,400"
Rolex,Air-King,126900,Excellent,Yes,Yes,"$11,000"
Rolex,Datejust,126300,Excellent,Yes,Yes,"$10,400"
Blancpain,Fifty Fathoms Automatique,5015 1130 71S,Excellent,Yes,Yes,"$11,500"
Tudor,Pelagos,25600,Excellent,Yes,Yes,"$4,400"
OMEGA,Speedmaster Professional Moonwatch,310.30.42.50.01.001,Excellent,Yes,Yes,"$5,950"
Breitling,Premier B01,AB0118,Excellent,No,No,"$5,500"
Rolex,Explorer II,16570,Excellent,Yes,Yes,"$9,000"
Rolex,Datejust II,116333,Excellent,No,No,"$12,000"
Rolex,Submariner,14060,Excellent,No,No,"$10,300"
Rolex,Yacht-Master,16622,Excellent,No,No,"$10,000"
OMEGA,Speedmaster Professional Moonwatch,311.30.42.30.01.005,Excellent,Yes,Yes,"$5,100"
Cartier,Ballon Bleu,W6920055,Excellent,Yes,Yes,"$11,200"
Tudor,Heritage Black Bay GMT,79830,Excellent,Yes,Yes,"$4,000"
Panerai,Luminor Marina,PAM 299,Excellent,No,No,"$5,700"
IWC,Portofino,IW3910-08,Excellent,Yes,Yes,"$4,350"
Panerai,Luminor Marina 1950,PAM 1351,Excellent,Yes,Yes,"$7,850"
Grand Seiko,Sport Spring Drive Diver,SBGA229,Excellent,Yes,Yes,"$5,100"
OMEGA,Seamaster 300M,212.30.36.20.01.002,Excellent,Yes,Yes,"$4,100"
Rolex,Datejust,126331,Excellent,No,No,"$16,300"
IWC,Pilot Spitfire,IW3268-01,Excellent,Yes,Yes,"$4,400"
OMEGA,Seamaster 300,233.30.41.21.01.001,Excellent,No,No,"$4,450"
Grand Seiko,Heritage Spring Drive,SBGA413,Excellent,Yes,Yes,"$6,100"
OMEGA,Speedmaster Professional Moonwatch,311.30.42.30.01.005,Excellent,No,No,"$5,300"
Cartier,Tank Louis,W1529756,Excellent,No,No,"$9,100"
Panerai,Submersible,PAM 973,Excellent,Yes,Yes,"$7,850"
Audemars Piguet,Royal Oak Offshore,15720CN.OO.A002CA.01,Excellent,No,No,"$64,000"
Blancpain,Fifty Fathoms Sport,5015-1130-71S,Excellent,Yes,Yes,"$12,000"
Nomos,Tangente Sport,501.S6,Excellent,Yes,Yes,"$2,850"
Ressence,Antwerp,Type 1S,Excellent,No,No,"$17,000"
OMEGA,Seamaster Planet Ocean,232.90.42.21.03.001,Excellent,No,No,"$6,000"
TAG Heuer,Aquaracer,CAK2111,Excellent,Yes,Yes,"$2,475"
Cartier,Pasha C,W31044M7,Excellent,No,No,"$2,800"
Grand Seiko,Elegance Spring Drive,SBGA293,Excellent,Yes,Yes,"$4,800"
Rolex,GMT-Master II,16710,Excellent,Yes,Yes,"$14,700"
Rolex,Datejust,116200,Excellent,No,No,"$7,950"
Rolex,Submariner,16613,Excellent,No,No,"$13,200"
Rolex,Oyster Perpetual,124200,Excellent,No,No,"$6,950"
Panerai,Radiomir Base,PAM 210,Excellent,No,No,"$4,450"
Breitling,Bentley GT,A13362,Excellent,No,No,"$5,075"
OMEGA,Seamaster 300M,210.30.42.20.03.001,Excellent,Yes,Yes,"$4,500"
Breitling,Navitimer 1,AB012121,Excellent,No,No,"$6,200"
Zenith,Chronomaster El Primero,97.T384.4061,Excellent,Yes,Yes,"$6,850"
Tudor,Heritage Black Bay GMT,79830,Excellent,Yes,Yes,"$4,000"
OMEGA,Speedmaster Dark Side of the Moon,311.92.44.51.01.007,Excellent,No,No,"$8,000"
Tudor,Heritage Black Bay Fifty-Eight,79030,Excellent,Yes,Yes,"$3,700"
Breitling,Navitimer 01,AB0127,Excellent,Yes,Yes,"$6,600"
OMEGA,Speedmaster Day-Date,3220.50.00,Excellent,No,No,"$3,500"
OMEGA,Seamaster Apnea,2595.30.00,Excellent,No,No,"$3,675"
Rolex,Air-King,14000,Excellent,No,No,"$5,600"
Rolex,Oyster Perpetual,124300,Excellent,Yes,Yes,"$27,000"
Rolex,Explorer II,16570,Excellent,Yes,Yes,"$9,150"
Rolex,Explorer II,216570,Excellent,No,No,"$10,500"
Rolex,Sky-Dweller,326933,Excellent,No,No,"$20,300"
TAG Heuer,Carrera,CAR2013-4,Excellent,No,No,"$3,425"
TAG Heuer,Carrera,CAR201W,Excellent,No,No,"$3,050"
Tudor,Heritage Black Bay Fifty-Eight,79030,Excellent,Yes,Yes,"$3,900"
Cartier,Tank Solo,W5200027,Excellent,Yes,Yes,"$3,900"
Breitling,Chronomat,A10380,Excellent,Yes,Yes,"$4,250"
OMEGA,Seamaster Planet Ocean,232.32.44.22.01.002,Excellent,No,No,"$5,700"
Grand Seiko,Heritage Hi-Beat 36000,SBGJ261,Excellent,Yes,Yes,"$6,000"
Breitling,SuperOcean,V17369,Excellent,Yes,Yes,"$4,450"
Breitling,Navitimer 1,A17326,Excellent,No,No,"$3,600"
OMEGA,Speedmaster Racing,326.30.40.50.01.001,Excellent,No,No,"$3,900"
Hublot,Classic Fusion,521.NX.2611.RX,Excellent,Yes,Yes,"$7,625"
Panerai,Luminor Due,PAM 676,Excellent,Yes,Yes,"$6,150"
Rolex,Datejust II,116334,Excellent,No,No,"$9,800"
Rolex,Datejust Turn-O-Graph,16264,Excellent,No,No,"$6,850"
Breitling,Navtimer Twin Sixty 2,A39022.1,Very Good,Yes,Yes,"$5,200"
Breitling,Galactic,W72348,Excellent,No,No,"$2,650"
IWC,Pilot Mark XX,IW3282-01,Excellent,Yes,Yes,"$5,100"
Rolex,Air-King,126900,Excellent,Yes,Yes,"$11,000"
Hublot,Big Bang Meca,414.EX.5123.RX,Excellent,Yes,Yes,"$14,000"
Rolex,Oyster Perpetual,67480,Excellent,No,No,"$4,800"
OMEGA,Seamaster 300M,210.30.42.20.03.001,Excellent,No,No,"$4,700"
Breitling,Galactic,W72348,Excellent,No,No,"$2,750"
Rolex,Datejust,126234,Excellent,Yes,Yes,"$12,000"
OMEGA,Speedmaster Specialties,3516.20.00,Excellent,Yes,Yes,"$3,725"
OMEGA,Speedmaster '57,331.12.42.51.01.001,Excellent,No,No,"$5,250"
OMEGA,Seamaster Planet Ocean,215.30.40.20.03.001,Excellent,Yes,Yes,"$4,600"
OMEGA,Seamaster Planet Ocean,215.30.44.21.01.001,Excellent,No,No,"$5,000"
Tudor,Heritage Black Bay,79500,Excellent,No,No,"$2,800"
OMEGA,Speedmaster,324.30.38.40.06.001,Excellent,Yes,Yes,"$3,500"
Tudor,Black Bay Pro,79470,Excellent,Yes,Yes,"$4,200"
Tudor,Heritage Black Bay,79220,Excellent,No,No,"$3,900"
TAG Heuer,Monza,CR2110,Excellent,No,No,"$3,225"
Breitling,SuperOcean,A17366,Excellent,Yes,Yes,"$3,250"
IWC,Pilot,IW3240-08,Excellent,Yes,Yes,"$3,900"
Rolex,Datejust,126334,Excellent,Yes,Yes,"$12,600"
Breitling,Cosmonaute,D12022,Excellent,No,No,"$4,500"
Grand Seiko,Elegance Manual Wind,SBGW231,Excellent,Yes,Yes,"$4,000"
OMEGA,Seamaster Aqua Terra,220.10.38.20.02.001,Excellent,Yes,Yes,"$4,900"
Rolex,Air-King,116900,Excellent,No,No,"$8,650"
Rolex,Submariner,126613,Excellent,No,No,"$17,800"
OMEGA,Seamaster 300M,210.92.44.20.01.001,Excellent,Yes,Yes,"$6,550"
Rolex,Yacht-Master,116622,Excellent,No,No,"$13,800"
Zenith,Defy El Primero 21,95.9002.9004,Excellent,Yes,Yes,"$8,500"
OMEGA,De Ville Prestige,424.10.33.20.01.001,Excellent,No,No,"$2,850"
Rolex,GMT-Master II,16710,Excellent,No,No,"$14,200"
Breitling,Top Time,A25310,Excellent,Yes,Yes,"$6,600"
OMEGA,Seamaster 300,233.32.41.21.01.002,Excellent,Yes,Yes,"$4,900"
Rolex,GMT-Master II,16710,Excellent,Yes,Yes,"$14,800"
Rolex,Yacht-Master,126621,Excellent,Yes,Yes,"$17,500"
Panerai,Radiomir,PAM 424,Excellent,Yes,Yes,"$6,350"
IWC,Portuguese,IW5001-14,Excellent,Yes,Yes,"$7,825"
Jaquet Droz,Grande Seconde Off-Centered Chronograph,J007830270,Excellent,Yes,Yes,"$14,500"
Glashutte Original,Senator Excellence,1-36-01-03-02-01,Excellent,Yes,Yes,"$6,500"
Grand Seiko,Elegance Automatic,SBGR261,Excellent,Yes,Yes,"$3,800"
Cartier,Tank Francaise,W5001156,Excellent,Yes,Yes,"$5,400"
Tudor,Heritage Black Bay Fifty-Eight,79030,Excellent,Yes,Yes,"$3,900"
Grand Seiko,Elegance Quartz,SBGX349,Excellent,Yes,Yes,"$2,750"
Rolex,Day-Date,118209,Excellent,No,No,"$20,750"
Cartier,Tank Obus,W15122N7,Excellent,No,No,"$10,000"
Breitling,Colt,A32350,Excellent,Yes,Yes,"$2,225"
IWC,Pilot Mark XVIII,IW3270-15,Excellent,Yes,Yes,"$4,250"
OMEGA,Seamaster 300M,210.30.42.20.04.001,Excellent,Yes,Yes,"$4,500"
OMEGA,Speedmaster Racing,329.30.44.51.04.001,Excellent,Yes,Yes,"$6,550"
OMEGA,Seamaster Aqua Terra,231.92.43.22.04.001,Excellent,No,No,"$6,000"
Rolex,GMT-Master II,16710,Very Good,No,No,"$13,075"
Rolex,Date,79160,Excellent,No,No,"$4,150"
OMEGA,De Ville Prestige,424.13.40.21.02.001,Excellent,Yes,Yes,"$3,500"
Rolex,Date,15200,Excellent,No,No,"$5,950"
Rolex,Datejust,16014,Very Good,No,No,"$5,700"
TAG Heuer,Carrera,CBN2010,Excellent,Yes,Yes,"$3,500"
Rolex,Air-King,14010,Excellent,No,No,"$5,000"
TAG Heuer,Grand Carrera,CAV518B,Very Good,Yes,Yes,"$3,450"
Grand Seiko,Heritage Hi-Beat 36000,SBGH269,Excellent,No,No,"$9,900"
Cartier,Tank Solo,W1018255,Excellent,Yes,Yes,"$3,500"
Grand Seiko,Heritage Automatic,SBGR305,Excellent,Yes,Yes,"$5,650"
Breitling,SuperOcean II,M17368,Excellent,Yes,Yes,"$3,600"
OMEGA,Seamaster 300M,210.30.42.20.03.001,Excellent,Yes,Yes,"$4,800"
Breitling,SuperOcean Heritage II,AB2020,Excellent,Yes,Yes,"$3,900"
Tudor,Heritage Black Bay GMT,79830,Excellent,Yes,Yes,"$3,700"
Rolex,Submariner,16613,Very Good,Yes,Yes,"$11,700"
Rolex,Datejust Turn-O-Graph,16264,Excellent,No,No,"$7,050"
Rolex,Submariner,114060,Excellent,Yes,Yes,"$11,200"
Rolex,Milgauss,116400,Excellent,Yes,Yes,"$9,600"
Rolex,Datejust,126234,Excellent,Yes,Yes,"$13,600"
Rolex,Datejust,126334,Excellent,No,No,"$12,400"
Rolex,Oyster Perpetual,114300,Excellent,Yes,Yes,"$8,100"
Rolex,Oyster Perpetual,76080,Excellent,No,No,"$3,725"
Rolex,Air-King,14000,Excellent,No,No,"$5,600"
Rolex,Datejust,126334,Excellent,No,No,"$12,400"
Rolex,Sea-Dweller Deepsea,116660,Excellent,No,No,"$11,200"
Rolex,Oyster Perpetual,76080,Excellent,No,No,"$3,725"
Rolex,Submariner,126613,Excellent,Yes,Yes,"$18,000"
Longines,Master Collection,L2.673.4.78.6,Excellent,Yes,Yes,"$2,625"
Breitling,SuperOcean,A17376,Excellent,Yes,Yes,"$3,900"
Jaquet Droz,Grande Seconde Quantieme ,J007020240,Excellent,Yes,Yes,"$7,000"
Jaquet Droz,Grande Heure Minute Ardoise,J017030240,Excellent,Yes,Yes,"$6,000"
Jaquet Droz,Grande Seconde Moon Anthracite,J007530242,Excellent,Yes,Yes,"$11,000"
Jaquet Droz,Grande Seconde Email Ivoire,J014013201,Excellent,Yes,Yes,"$13,800"
TAG Heuer,Aquaracer,CAP2111,Excellent,No,No,"$1,775"
Jaquet Droz,Grande Seconde Off-Centered Silver ,J006010240,Excellent,Yes,Yes,"$6,500"
Jaquet Droz,Grande Seconde Quantieme,J007020350,Excellent,Yes,Yes,"$6,500"
Jaeger-LeCoultre,Master Ultra Thin,Q1352420,Excellent,Yes,Yes,"$12,400"
Panerai,Luminor,PAM 1038,Excellent,Yes,Yes,"$16,800"
OMEGA,Speedmaster '57,332.10.41.51.01.001,Excellent,Yes,Yes,"$7,200"
Breitling,Navitimer,U17395,Excellent,No,No,"$6,900"
Rolex,Datejust,16200,Excellent,Yes,Yes,"$6,350"
OMEGA,Speedmaster Professional Moonwatch,311.32.42.30.04.001,Excellent,Yes,Yes,"$26,000"
Cartier,Ballon Bleu,W6920046,Excellent,No,No,"$5,225"
Cartier,Santos Demoiselle,W25075Z5,Excellent,No,No,"$2,600"
OMEGA,Constellation,123.15.24.60.55.005,Excellent,No,No,"$3,425"
Rolex,Date,79190,Excellent,No,No,"$4,500"
Rolex,Yacht-Master,169622,Excellent,No,No,"$6,950"
OMEGA,Seamaster Planet Ocean,232.30.42.21.01.003,Excellent,Yes,Yes,"$4,600"
Rolex,Sea-Dweller,126600,Excellent,No,No,"$14,800"
Zenith,Pilot Montre d'Aeronef Type 20,29.2430.679,Excellent,Yes,Yes,"$4,450"
Rolex,GMT-Master II,16710,Excellent,No,No,"$14,200"
Blancpain,Fifty Fathoms Grande Date,5050 12B30 B52A,Excellent,Yes,Yes,"$13,000"
Panerai,Luminor Marina Logo,PAM 005,Excellent,No,No,"$5,000"
OMEGA,Seamaster Specialties,522.32.40.20.01.003,Excellent,Yes,Yes,"$4,300"
Tudor,Heritage Black Bay,79230,Excellent,Yes,Yes,"$5,850"
Rolex,Datejust,126300,Excellent,Yes,Yes,"$10,400"
Rolex,Daytona,16523,Excellent,No,No,"$19,800"
Rolex,Datejust,126300,Excellent,No,No,"$10,200"
Grand Seiko,Elegance Hi-Beat 36000,SBGJ217,Excellent,Yes,Yes,"$4,250"
Tudor,Heritage Black Bay Fifty-Eight,79030,Excellent,Yes,Yes,"$3,900"
Panerai,Luminor Marina,PAM 564,Very Good,Yes,Yes,"$6,100"
Rolex,Submariner,126613,Excellent,No,No,"$17,800"
Rolex,Daytona,116523,Excellent,No,No,"$20,800"
Rolex,Explorer,214270,Excellent,No,No,"$9,450"
Rolex,Sea-Dweller Deepsea,126660,Excellent,No,No,"$14,500"
Grand Seiko,Sport Quartz,SBGP015,Excellent,Yes,Yes,"$3,250"
OMEGA,Seamaster Ploprof,227.90.55.21.01.001,Excellent,Yes,Yes,"$11,600"
Rolex,Datejust,126234,Excellent,No,No,"$14,600"
Cartier,Santos de Cartier,WSSA0037,Excellent,Yes,Yes,"$7,475"
Rolex,Datejust,126231,Excellent,No,No,"$13,900"
Rolex,Yacht-Master,126621,Excellent,No,No,"$17,300"
Grand Seiko,Sport Quartz,SBGV245,Excellent,No,No,"$3,650"
IWC,Pilot Le Petit Prince,IW3777-17,Excellent,Yes,Yes,"$5,750"
Cartier,Panthere,WSPN0006,Excellent,No,No,"$4,025"
OMEGA,Seamaster Aqua Terra,220.12.41.21.06.001,Excellent,Yes,Yes,"$4,500"
Rolex,Oyster Perpetual,124300,Excellent,No,No,"$15,600"
Breitling,Premier Datora,AB2510,Excellent,Yes,Yes,"$9,550"
IWC,Pilot,IW3881-08,Excellent,Yes,Yes,"$9,050"
OMEGA,Seamaster 300M,210.92.42.20.01.001,Excellent,Yes,Yes,"$7,950"
Rolex,Submariner,16613,Excellent,No,No,"$12,600"
Rolex,Datejust,126234,Excellent,Yes,Yes,"$10,500"
Rolex,Yacht-Master II,116680,Excellent,No,No,"$17,800"
Rolex,Datejust,116200,Excellent,No,No,"$7,100"
Tudor,Heritage Black Bay GMT,79830,Excellent,Yes,Yes,"$4,000"
Panerai,Radiomir,PAM 685,Excellent,Yes,Yes,"$6,775"
OMEGA,Seamaster Railmaster,220.10.40.20.06.001,Excellent,No,No,"$3,500"
IWC,Portofino,IW3910-08,Excellent,No,No,"$4,250"
Grand Seiko,Heritage Quartz,SBGP017,Excellent,Yes,Yes,"$4,400"
OMEGA,Seamaster 300M,2537.80.00,Excellent,No,No,"$4,900"
OMEGA,Seamaster Planet Ocean,2208.50.00,Excellent,No,No,"$3,425"
OMEGA,De Ville Prestige,424.53.33.20.05.001,Excellent,Yes,Yes,"$4,800"
Rolex,Datejust II,116300,Excellent,Yes,Yes,"$9,900"
Rolex,Oyster Perpetual,67480,Very Good,No,No,"$4,100"
Rolex,Date,15200,Excellent,No,No,"$5,950"
Rolex,Datejust,126200,Excellent,Yes,Yes,"$10,400"
Rolex,Yacht-Master,268655,Excellent,Yes,Yes,"$26,000"
Tudor,Princess Date,92500,Excellent,No,No,"$2,750"
Rolex,Submariner,16610,Excellent,No,No,"$10,500"
Rolex,Yacht-Master,116622,Excellent,No,No,"$14,600"
Cartier,Ballon Bleu,W4BB0015,Excellent,No,No,"$7,850"
Zenith,Elite Captain,03.2122.685,Excellent,Yes,Yes,"$3,600"
Rolex,Oyster Perpetual,116000,Excellent,No,No,"$6,550"
Rolex,Oyster Perpetual,114200,Excellent,No,No,"$7,550"
Rolex,Date,79190,Excellent,No,No,"$4,150"
Rolex,Oyster Perpetual,67180,Very Good,No,No,"$2,950"
OMEGA,Seamaster Aqua Terra,231.10.39.21.03.001,Excellent,No,No,"$6,400"
Rolex,Datejust,126301,Excellent,Yes,Yes,"$15,100"
Panerai,Luminor Marina 1950,PAM 422,Excellent,Yes,Yes,"$8,100"
Panerai,Luminor 1950,PAM 533,Excellent,No,No,"$8,200"
Panerai,Luminor 1950 Submersible,PAM 1305,Very Good,Yes,Yes,"$7,100"
Panerai,Submersible,PAM 683,Excellent,Yes,Yes,"$8,350"
OMEGA,Seamaster Planet Ocean,232.30.44.22.01.002,Excellent,No,No,"$6,200"
Cartier,Tank Solo,W1018355,Very Good,No,No,"$2,725"
OMEGA,Seamaster Aqua Terra,231.10.44.50.04.001,Excellent,Yes,Yes,"$4,400"
OMEGA,Seamaster 300M,210.32.42.20.04.001,Excellent,Yes,Yes,"$5,200"
Breitling,Top Time,A41315,Excellent,Yes,Yes,"$7,600"
Audemars Piguet,150710st,15710ST.OO.A002CA.01,Excellent,Yes,Yes,"$26,000"
Rolex,Explorer,214270,Very Good,Yes,Yes,"$8,875"
Rolex,Datejust,126234,Excellent,Yes,Yes,"$13,300"
Rolex,Datejust,78274,Excellent,No,No,"$6,500"
Cartier,Calibre de Cartier,W7100013,Excellent,Yes,Yes,"$5,650"
Jaeger-LeCoultre,Reverso,Q3958420,Excellent,No,No,"$11,425"
Rolex,Submariner,16610,Excellent,No,No,"$10,500"
Tudor,Glamour Double Date,57003,Excellent,No,No,"$2,650"
Panerai,Radiomir,PAM 448,Excellent,No,No,"$8,000"
Rolex,Datejust,116200,Excellent,Yes,Yes,"$7,700"
Rolex,Oyster Perpetual,114300,Excellent,No,No,"$7,500"
OMEGA,CK 859 Specialties,511.12.39.21.99.002,Excellent,Yes,Yes,"$6,250"
Grand Seiko,Heritage Automatic,SBGR081,Excellent,Yes,Yes,"$4,125"
IWC,Pilot Le Petit Prince,IW3777-17,Excellent,Yes,Yes,"$5,750"
Grand Seiko,Heritage Spring Drive,SBGA413,Excellent,Yes,Yes,"$6,100"
Rolex,Datejust,78240,Excellent,No,No,"$5,300"
Breitling,SuperOcean Heritage II,AB2010,Excellent,Yes,Yes,"$3,900"
Audemars Piguet,Royal Oak Offshore,15720CN.OO.A002CA.01,Excellent,Yes,Yes,"$48,000"
Rolex,Datejust,126200,Excellent,Yes,Yes,"$9,500"
Vacheron Constantin,Quai de l'Île,4500S/000A-B196,Excellent,Yes,Yes,"$17,500"
OMEGA,Speedmaster Moonwatch Anniversary Series,311.33.42.50.01.001,Excellent,No,No,"$10,000"
Rolex,Explorer II,226570,Excellent,No,No,"$14,100"
Breitling,Chronomat 01,AB0134,Excellent,Yes,Yes,"$4,800"
OMEGA,Seamaster 300M,210.30.42.20.06.001,Excellent,Yes,Yes,"$4,700"
OMEGA,Seamaster Planet Ocean,232.32.42.21.01.005,Excellent,No,No,"$4,450"
Rolex,Oyster Perpetual,126000,Excellent,Yes,Yes,"$15,600"
Rolex,Datejust,126200,Excellent,Yes,Yes,"$11,700"
Rolex,Yacht-Master,126622,Excellent,No,No,"$14,900"
Rolex,Yacht-Master,116622,Excellent,No,No,"$14,000"
Tudor,Glamour Double Date,57003,Excellent,No,No,"$2,650"
OMEGA,Seamaster 300M,210.92.42.20.01.001,Excellent,Yes,Yes,"$7,200"
OMEGA,Seamaster 300M,210.92.44.20.01.001,Excellent,Yes,Yes,"$6,550"
Rolex,Yacht-Master,126622,Excellent,Yes,Yes,"$16,500"
Tudor,Heritage Black Bay GMT,79833,Excellent,No,No,"$4,750"
Zenith,Chronomaster El Primero,03.Z386.400,Excellent,Yes,Yes,"$8,550"
OMEGA,Speedmaster Dark Side of the Moon,311.92.44.30.01.001,Excellent,No,No,"$8,500"
Rolex,Oyster Perpetual,126000,Excellent,Yes,Yes,"$15,600"
Breitling,Super Avenger,A13370,Excellent,Yes,Yes,"$4,100"
Cartier,Santos de Cartier,WSSA0010,Excellent,Yes,Yes,"$6,550"
Grand Seiko,Heritage Spring Drive,SBGA387,Excellent,Yes,Yes,"$12,800"
IWC,Pilot Le Petit Prince,IW3777-17,Excellent,Yes,Yes,"$5,350"
Rolex,Datejust,126300,Excellent,Yes,Yes,"$10,400"
Rolex,GMT-Master II,116710,Excellent,Yes,Yes,"$13,700"
IWC,Portuguese,IW5001-26,Excellent,Yes,Yes,"$18,650"
Panerai,Luminor Marina,PAM 113,Very Good,Yes,Yes,"$4,725"
Rolex,Oyster Perpetual,116000,Excellent,Yes,Yes,"$6,250"
Rolex,Datejust,126334,Excellent,No,No,"$12,400"
Rolex,Oyster Perpetual,116000,Excellent,Yes,Yes,"$6,700"
Breitling,Cosmonaute,D22322,Excellent,No,No,"$5,900"
Rolex,Datejust II,116334,Excellent,No,No,"$11,100"
Rolex,Datejust II,116300,Excellent,No,No,"$9,000"
Rolex,Datejust II,116334,Excellent,Yes,Yes,"$10,500"
Rolex,Yacht-Master,126621,Excellent,Yes,Yes,"$17,500"
OMEGA,Seamaster 300M,210.30.42.20.01.001,Excellent,No,No,"$4,300"
Rolex,Datejust,16220,Excellent,No,No,"$6,950"
Rolex,Datejust,126300,Excellent,No,No,"$10,200"
Cartier,Santos de Cartier,W2SA0009,Excellent,Yes,Yes,"$10,000"
Rolex,Datejust,116200,Excellent,Yes,Yes,"$7,250"
Rolex,Datejust,126234,Excellent,Yes,Yes,"$11,200"
Zenith,El Primero,03.2150.400,Excellent,Yes,Yes,"$8,325"
IWC,Da Vinci,IW5461-01,Excellent,Yes,Yes,"$4,350"
Grand Seiko,Heritage Automatic,SBGR321,Excellent,Yes,Yes,"$4,650"
Rolex,Sea-Dweller Deepsea,116660,Excellent,Yes,Yes,"$11,400"
Panerai,Luminor 1950,PAM 329,Excellent,No,No,"$7,450"
Breitling,Chronomat,A10380,Excellent,Yes,Yes,"$4,250"
Breitling,SuperOcean Heritage,U10370,Very Good,Yes,Yes,"$4,200"
Rolex,Explorer,214270,Excellent,Yes,Yes,"$10,700"
Rolex,Explorer,214270,Excellent,No,No,"$9,450"
Rolex,Oyster Perpetual,126000,Excellent,Yes,Yes,"$7,800"
Rolex,Oyster Perpetual,124300,Excellent,Yes,Yes,"$9,100"
Rolex,Oyster Perpetual,124300,Excellent,Yes,Yes,"$9,100"
Rolex,Explorer,214270,Excellent,No,No,"$9,450"
Rolex,Explorer,214270,Excellent,No,No,"$9,000"
Rolex,Explorer,124273,Excellent,Yes,Yes,"$11,500"
Rolex,Explorer II,226570,Excellent,Yes,Yes,"$14,300"
Rolex,Oyster Perpetual,126000,Excellent,Yes,Yes,"$7,300"
Rolex,Yacht-Master,126622,Excellent,Yes,Yes,"$15,100"
Rolex,Submariner,114060,Excellent,No,No,"$11,500"
Rolex,Submariner,14060,Excellent,No,No,"$10,500"
Rolex,Explorer,114270,Excellent,No,No,"$6,850"
Grand Seiko,Elegance Manual Wind,SBGW231,Excellent,Yes,Yes,"$4,000"
Tudor,Heritage Black Bay Fifty-Eight,79030,Excellent,Yes,Yes,"$3,900"
Rolex,Explorer,214270,Excellent,Yes,Yes,"$9,600"
Tudor,Heritage Black Bay Fifty-Eight,79030,Excellent,Yes,Yes,"$3,600"
Tudor,Heritage Black Bay Fifty-Eight,79030,Excellent,Yes,Yes,"$3,900"
Tudor,Black Bay Pro,79470,Excellent,Yes,Yes,"$3,700"
Grand Seiko,Elegance Manual Wind,SBGW231,Excellent,Yes,Yes,"$4,000"
Tudor,Heritage Black Bay Fifty-Eight,79030,Excellent,Yes,Yes,"$3,900"
Rolex,Explorer,114270,Excellent,No,No,"$6,850"
Grand Seiko,Heritage Hi-Beat 36000,SBGH295,Excellent,Yes,Yes,"$6,000"
Rolex,Yacht-Master,126622,Excellent,Yes,Yes,"$15,100"
Grand Seiko,Elegance Manual Wind,SBGW275,Excellent,Yes,Yes,"$6,550"
OMEGA,Seamaster Aqua Terra,220.10.41.21.06.001,Excellent,Yes,Yes,"$4,500"
Rolex,Datejust,126334,Excellent,No,No,"$11,900"
TAG Heuer,Carrera,CAR221A,Excellent,Yes,Yes,"$6,150"
TAG Heuer,Carrera,CAR2A1Z-0,Excellent,Yes,Yes,"$3,725"
Grand Seiko,Elegance Manual Wind,SBGW275,Excellent,Yes,Yes,"$6,550"
Grand Seiko,Heritage Spring Drive,SBGA427,Excellent,Yes,Yes,"$4,600"
Rolex,Air-King,126900,Excellent,Yes,Yes,"$11,000"
Grand Seiko,Elegance Manual Wind,SBGW275,Excellent,Yes,Yes,"$6,550"
Tudor,Heritage Black Bay,79210,Excellent,Yes,Yes,"$4,000"
OMEGA,Seamaster Aqua Terra,220.10.34.20.03.001,Excellent,Yes,Yes,"$4,400"
Grand Seiko,Elegance Manual Wind,SBGW277,Excellent,Yes,Yes,"$5,950"
OMEGA,Speedmaster Professional Moonwatch,310.63.42.50.10.001,Excellent,Yes,Yes,"$28,200"
OMEGA,Seamaster Planet Ocean,215.92.46.22.01.001,Excellent,Yes,Yes,"$7,350"
Rolex,Oyster Perpetual,124300,Excellent,Yes,Yes,"$8,800"
Rolex,Submariner,16610,Very Good,Yes,Yes,"$10,350"
Rolex,Air-King,14000,Excellent,No,No,"$5,600"
Rolex,Explorer II,216570,Excellent,Yes,Yes,"$11,700"
Rolex,Milgauss,116400,Excellent,Yes,Yes,"$10,200"
OMEGA,Seamaster Planet Ocean,232.30.46.51.01.003,Excellent,Yes,Yes,"$5,200"
Rolex,Explorer,214270,Excellent,Yes,Yes,"$10,200"
Rolex,Datejust,116234,Excellent,No,No,"$7,800"
Rolex,Datejust II,116334,Excellent,Yes,Yes,"$10,700"
Rolex,Datejust,126234,Excellent,Yes,Yes,"$12,000"
Breitling,Premier,A45340,Excellent,Yes,Yes,"$4,100"
Rolex,Submariner,14060,Excellent,No,No,"$9,500"
Breitling,Premier B01,AB0118,Excellent,Yes,Yes,"$6,050"
Breitling,Bentley Barnato,A41390,Excellent,Yes,Yes,"$5,700"
Rolex,Milgauss,116400,Excellent,Yes,Yes,"$10,200"
Grand Seiko,Evolution 9 Spring Drive,SLGA007,Excellent,Yes,Yes,"$10,600"
Breitling,Bentley B06,AB0612,Excellent,Yes,Yes,"$6,675"
Breitling,Chronomat,MB0111,Excellent,No,No,"$4,900"
OMEGA,Seamaster Planet Ocean,232.32.42.21.01.003,Excellent,Yes,Yes,"$4,350"
OMEGA,Seamaster Aqua Terra,231.10.42.21.03.004,Excellent,Yes,Yes,"$6,850"
Rolex,Explorer II,16570,Excellent,No,No,"$9,000"
Rolex,Datejust II,116334,Excellent,No,No,"$10,500"
Rolex,Submariner,114060,Excellent,No,No,"$11,000"
Rolex,Oyster Perpetual,116000,Excellent,No,No,"$7,350"
Rolex,Explorer II,16570,Excellent,No,No,"$9,000"
OMEGA,Seamaster 300M,210.60.42.20.99.001,Excellent,Yes,Yes,"$9,550"
OMEGA,Seamaster Aqua Terra,231.10.39.21.01.002,Excellent,No,No,"$4,300"
Rolex,Air-King,14000,Excellent,No,No,"$5,600"
Rolex,Datejust,126334,Excellent,Yes,Yes,"$13,300"
Rolex,Oyster Perpetual,277200,Excellent,Yes,Yes,"$8,100"
Rolex,Datejust,126234,Excellent,Yes,Yes,"$11,500"
Cartier,Santos Dumont,W2006951,Excellent,No,No,"$9,000"
Rolex,Milgauss,116400,Excellent,No,No,"$10,500"
Cartier,Santos de Cartier,WSSA0047,Excellent,Yes,Yes,"$7,550"
OMEGA,Seamaster 300M,210.30.42.20.01.001,Excellent,Yes,Yes,"$4,100"
Grand Seiko,Elegance Hi-Beat 36000,SBGJ249,Excellent,Yes,Yes,"$5,500"
Grand Seiko,Heritage Spring Drive,SBGA413,Excellent,Yes,Yes,"$6,100"
Bell & Ross,BRS 98,BRS-98-WCS,Excellent,No,No,"$3,000"
Blancpain,Fifty Fathoms,5008-11B30-NABA,Excellent,Yes,Yes,"$19,000"
Cartier,Santos de Cartier,WSSA0029,Excellent,Yes,Yes,"$6,600"
OMEGA,Seamaster 300M,210.30.42.20.06.001,Excellent,Yes,Yes,"$4,700"
Zenith,El Primero,03.A384.400,Excellent,Yes,Yes,"$6,800"
Grand Seiko,Elegance Manual Wind,SBGK005,Excellent,Yes,Yes,"$8,100"
Grand Seiko,Heritage Hi-Beat 36000,SBGR311,Excellent,Yes,Yes,"$5,275"
Rolex,Datejust,126300,Excellent,No,No,"$10,000"
Rolex,Milgauss,116400,Excellent,No,No,"$9,450"
Grand Seiko,Sport Quartz,SBGN023,Excellent,Yes,Yes,"$4,100"
Breitling,Avenger Night Mission,V32395,Excellent,Yes,Yes,"$4,100"
Audemars Piguet,Royal Oak,15711OI.OO.A006CA.01,Excellent,Yes,Yes,"$49,000"
Grand Seiko,Heritage Spring Drive,SBGA283,Excellent,No,No,"$3,300"
Cartier,Pasha C,W31074M7,Excellent,No,No,"$2,500"
OMEGA,Seamaster Aqua Terra,220.10.41.21.02.001,Excellent,Yes,Yes,"$4,800"
Rolex,Datejust,126333,Excellent,Yes,Yes,"$15,800"
Rolex,Submariner,124060,Excellent,No,No,"$13,300"
Rolex,Datejust,126333,Excellent,Yes,Yes,"$15,400"
Rolex,Datejust,126300,Excellent,No,No,"$11,000"
Rolex,Submariner,126610,Excellent,No,No,"$14,000"
Rolex,Explorer,214270,Excellent,No,No,"$10,500"
OMEGA,Seamaster Planet Ocean,215.30.40.20.01.001,Excellent,Yes,Yes,"$4,800"
OMEGA,Seamaster Planet Ocean,232.30.42.21.01.002,Excellent,Yes,Yes,"$5,200"
Rolex,Milgauss,116400GV,Excellent,No,No,"$9,500"
Rolex,Submariner,16610,Very Good,Yes,Yes,"$9,850"
Rolex,Submariner,16610,Excellent,No,No,"$11,000"
Rolex,Datejust,126300,Excellent,Yes,Yes,"$10,400"
Rolex,Oyster Perpetual,176200,Excellent,Yes,Yes,"$5,475"
OMEGA,Seamaster 300,233.20.41.21.01.001,Excellent,Yes,Yes,"$8,450"
OMEGA,Seamaster Planet Ocean,232.32.44.22.03.001,Excellent,No,No,"$5,800"
Tudor,Heritage Black Bay Fifty-Eight,79030,Excellent,Yes,Yes,"$3,900"
Rolex,Explorer,114270,Excellent,No,No,"$6,850"
Rolex,Oyster Perpetual,277200,Excellent,No,No,"$7,250"
Breitling,Exospace B55,EB5510,Excellent,Yes,Yes,"$4,000"
Rolex,Datejust,126300,Excellent,Yes,Yes,"$10,200"
Tudor,Heritage Black Bay,79220,Excellent,Yes,Yes,"$5,250"
OMEGA,Seamaster 300M,210.32.44.51.01.001,Excellent,Yes,Yes,"$6,250"
Tudor,Black Bay Pro,79470,Excellent,Yes,Yes,"$3,700"
OMEGA,Seamaster 300M,210.92.42.20.01.001,Excellent,Yes,Yes,"$7,600"
Tudor,Heritage Black Bay GMT,79833,Excellent,Yes,Yes,"$4,500"
Cartier,Santos Dumont,WSSA0022,Excellent,No,No,"$3,750"
Cartier,Clé de Cartier,W2CL0003,Excellent,No,No,"$5,300"
OMEGA,Speedmaster HB-SIA,321.92.44.52.01.003,Excellent,No,No,"$7,050"
Rolex,Date,15210,Excellent,No,No,"$5,850"
Rolex,Yacht-Master,116622,Excellent,No,No,"$12,000"
Rolex,Datejust Turn-O-Graph,16264,Excellent,No,No,"$6,500"
OMEGA,Seamaster Planet Ocean,2201.51.00,Excellent,Yes,Yes,"$4,500"
Rolex,GMT-Master II,16710,Excellent,No,No,"$14,000"
Breitling,Montbrillant Legende,A23340,Excellent,No,No,"$4,450"
Rolex,Oyster Perpetual,114300,Excellent,No,No,"$7,950"
IWC,Pilot,IW3777-10,Excellent,Yes,Yes,"$5,075"
Rolex,Daytona,116503,Excellent,No,No,"$21,800"
Tudor,Royal Date,28500,Excellent,No,No,"$2,300"
Breitling,Premier B01,AB0118,Excellent,Yes,Yes,"$5,750"
Grand Seiko,Heritage Automatic,SBGR321,Excellent,Yes,Yes,"$4,350"
Rolex,Sky-Dweller,326933,Excellent,No,No,"$20,800"
Rolex,Yacht-Master,126621,Excellent,No,No,"$17,300"
OMEGA,Seamaster Aqua Terra,231.10.44.50.06.001,Excellent,No,No,"$4,450"
OMEGA,Seamaster 300,234.92.41.21.10.001,Excellent,Yes,Yes,"$9,050"
OMEGA,Constellation Globemaster,130.30.39.21.02.001,Excellent,Yes,Yes,"$5,850"
Rolex,Air-King,14010,Excellent,No,No,"$5,700"
Rolex,Datejust,126334,Excellent,No,No,"$12,400"
Rolex,Datejust,126300,Excellent,Yes,Yes,"$11,200"
Rolex,Explorer,214270,Excellent,Yes,Yes,"$10,700"
Jaeger-LeCoultre,Polaris,Q9028180,Excellent,Yes,Yes,"$10,450"
Panerai,Radiomir,PAM 346,Excellent,No,No,"$6,050"
Cartier,Santos de Cartier,W2SA0006,Excellent,Yes,Yes,"$9,600"
Rolex,Explorer,114270,Excellent,No,No,"$6,850"
Rolex,Oyster Perpetual,126000,Excellent,Yes,Yes,"$11,700"
Zenith,El Primero,03.A384.400,Excellent,Yes,Yes,"$7,200"
IWC,Aquatimer,IW3795-06,Excellent,Yes,Yes,"$6,550"
Tudor,Day+Date,76200,Excellent,Yes,Yes,"$4,200"
Grand Seiko,Heritage Spring Drive,SBGA413,Excellent,Yes,Yes,"$6,100"
Grand Seiko,Sport Spring Drive,SBGC223,Excellent,No,No,"$8,900"
Rolex,GMT-Master II,126710,Excellent,No,No,"$17,800"
Breitling,SuperOcean,A17376,Excellent,Yes,Yes,"$3,900"
Rolex,Sea-Dweller Deepsea,116660,Excellent,Yes,Yes,"$12,000"
Rolex,Datejust,16203,Excellent,Yes,Yes,"$7,925"
Rolex,Explorer,214270,Excellent,Yes,Yes,"$9,600"
Rolex,Datejust,126300,Excellent,Yes,Yes,"$10,400"
Audemars Piguet,Royal Oak Offshore,26420IO.OO.A009CA.01,Excellent,Yes,Yes,"$45,000"
Jaeger-LeCoultre,Reverso,Q3828420,Excellent,Yes,Yes,"$7,600"
Rolex,Sea-Dweller Deepsea,116660,Excellent,Yes,Yes,"$11,400"
Rolex,Sea-Dweller Deepsea,116660,Excellent,No,No,"$11,200"
OMEGA,Seamaster 300M,210.32.42.20.04.001,Excellent,Yes,Yes,"$5,200"
OMEGA,Speedmaster Chronoscope,329.30.43.51.03.001,Excellent,Yes,Yes,"$7,100"
Cartier,Tank MC,W5330003,Excellent,Yes,Yes,"$6,250"
Rolex,Datejust,116234,Excellent,No,No,"$8,250"
Panerai,Radiomir 1940,PAM 512,Very Good,Yes,Yes,"$5,650"
Grand Seiko,Sport Hi-Beat 36000,SBGJ237,Excellent,Yes,Yes,"$5,600"
Rolex,Datejust,126300,Excellent,Yes,Yes,"$10,400"
Tudor,Heritage Black Bay Fifty-Eight,79030,Excellent,Yes,Yes,"$3,600"
Rolex,Oyster Perpetual,114300,Excellent,No,No,"$7,950"
Panerai,Luminor Marina,PAM 564,Excellent,Yes,Yes,"$6,600"
Rolex,Oyster Perpetual,114200,Excellent,No,No,"$7,250"
Rolex,Submariner,16610,Excellent,Yes,Yes,"$10,700"
Rolex,Submariner,14060,Very Good,No,No,"$9,750"
Rolex,Datejust,126333,Excellent,No,No,"$15,100"
Rolex,Explorer,214270,Excellent,No,No,"$9,450"
Rolex,Datejust Turn-O-Graph,16264,Excellent,No,No,"$6,950"
Rolex,Submariner,16613,Excellent,No,No,"$12,500"
Rolex,Explorer,214270,Excellent,No,No,"$10,000"
OMEGA,Speedmaster Moonwatch Anniversary Series,311.62.42.30.06.001,Excellent,No,No,"$11,425"
Tudor,Heritage Black Bay Fifty-Eight,79030,Excellent,Yes,Yes,"$3,700"
Breguet,Classique Moon Phase,3300BA,Very Good,Yes,Yes,"$8,500"
Rolex,Explorer II,16570,Excellent,No,No,"$9,600"
Grand Seiko,Heritage Automatic,SBGR321,Excellent,No,No,"$4,550"
Breitling,Navitimer 01,UB0127,Excellent,Yes,Yes,"$8,550"
OMEGA,Seamaster 300M,210.30.42.20.06.001,Excellent,Yes,Yes,"$4,400"
Rolex,Datejust,116234,Excellent,Yes,Yes,"$8,400"
Rolex,Datejust,126334,Excellent,Yes,Yes,"$13,200"
Rolex,Explorer,214270,Excellent,No,No,"$10,500"
TAG Heuer,Aquaracer,WAY201S,Excellent,Yes,Yes,"$3,500"
Grand Seiko,Sport Spring Drive,SBGE251,Excellent,No,No,"$9,600"
Panerai,Luminor Marina,PAM 1028,Very Good,Yes,Yes,"$6,800"
Rolex,Explorer II,216570,Excellent,No,No,"$10,000"
Rolex,Datejust,16200,Excellent,No,No,"$6,500"
OMEGA,Speedmaster Specialties,522.10.43.50.01.001,Excellent,Yes,Yes,"$5,200"
Rolex,Datejust II,116334,Excellent,Yes,Yes,"$11,200"
Breitling,Transocean,A10360,Excellent,Yes,Yes,"$3,150"
Grand Seiko,Heritage Spring Drive,SBGA469,Excellent,Yes,Yes,"$4,700"
Grand Seiko,Elegance Spring Drive,SBGY007,Excellent,Yes,Yes,"$7,550"
Rolex,Explorer II,216570,Excellent,Yes,Yes,"$11,700"
Rolex,Datejust,126234,Excellent,Yes,Yes,"$11,500"
Grand Seiko,Heritage Spring Drive,SBGA387,Excellent,Yes,Yes,"$12,800"
Panerai,Luminor 1950 Submersible,PAM 682,Excellent,Yes,Yes,"$8,325"
Rolex,Explorer,214270,Excellent,No,No,"$9,000"
Rolex,Oyster Perpetual,114300,Excellent,Yes,Yes,"$8,100"
Tudor,Heritage Black Bay,79230,Excellent,Yes,Yes,"$5,850"
Jaeger-LeCoultre,Polaris,Q9008180,Excellent,Yes,Yes,"$7,100"
IWC,Pilot Spitfire,IW3268-03,Very Good,Yes,Yes,"$4,125"
Grand Seiko,Heritage Quartz,SBGP017,Excellent,Yes,Yes,"$4,100"
TAG Heuer,Carrera,CBG2090,Excellent,Yes,Yes,"$4,050"
Grand Seiko,Elegance Manual Wind,SBGW275,Excellent,Yes,Yes,"$6,150"
Tudor,Heritage Black Bay GMT,79833,Excellent,Yes,Yes,"$4,850"
OMEGA,Speedmaster '57,332.10.41.51.01.001,Excellent,Yes,Yes,"$7,600"
Rolex,Datejust,126300,Excellent,No,No,"$9,800"
Rolex,Explorer,114270,Excellent,No,No,"$6,400"
Grand Seiko,Heritage Automatic,SBGR321,Excellent,Yes,Yes,"$4,650"
Breitling,Navitimer World,A24322,Excellent,No,No,"$4,800"
Rolex,Datejust,126200,Excellent,Yes,Yes,"$11,700"
Grand Seiko,Elegance Automatic,SBGR061,Excellent,Yes,Yes,"$3,150"
Rolex,Yacht-Master,116622,Excellent,No,No,"$13,200"
TAG Heuer,Carrera,CAR2A1Z-0,Excellent,Yes,Yes,"$3,725"
Grand Seiko,Elegance Quartz,SBGX347,Excellent,Yes,Yes,"$3,150"
Rolex,Explorer,214270,Very Good,Yes,Yes,"$9,900"
Rolex,Oyster Perpetual,126000,Excellent,Yes,Yes,"$8,500"
Rolex,Datejust,126300,Excellent,Yes,Yes,"$10,200"
Rolex,Datejust II,116300,Excellent,Yes,Yes,"$9,150"
Zenith,Elite Classic,03.2272.6150,Excellent,Yes,Yes,"$4,775"
Rolex,Oyster Perpetual,126000,Excellent,Yes,Yes,"$8,500"
Rolex,GMT-Master II,116710,Excellent,Yes,Yes,"$13,700"
Panerai,Luminor GMT,PAM 029,Very Good,No,No,"$5,725"
OMEGA,Seamaster Aqua Terra,231.10.39.21.03.001,Very Good,Yes,Yes,"$6,050"
Rolex,Datejust,126300,Excellent,Yes,Yes,"$10,000"
OMEGA,Speedmaster Grey Side of the Moon,311.63.44.51.99.001,Excellent,Yes,Yes,"$12,800"
Rolex,Explorer,214270,Excellent,No,No,"$9,000"
Rolex,Submariner,114060,Excellent,No,No,"$11,000"
Rolex,Datejust,126200,Excellent,Yes,Yes,"$9,500"
Rolex,Oyster Perpetual,124300,Excellent,Yes,Yes,"$9,100"
Cartier,Santos 100,W20090X8,Excellent,No,No,"$6,000"
Rolex,Air-King,126900,Excellent,Yes,Yes,"$11,000"
Rolex,Submariner,124060,Excellent,No,No,"$13,300"
Grand Seiko,Heritage Hi-Beat 36000,SBGH295,Excellent,Yes,Yes,"$6,000"
Panerai,Luminor Marina,PAM 048,Excellent,No,No,"$5,000"
OMEGA,Seamaster 300,234.30.41.21.01.001,Excellent,Yes,Yes,"$5,400"
Zenith,Chronomaster Sport,03.3100.3600,Excellent,Yes,Yes,"$9,250"
Rolex,Daytona,116503,Excellent,Yes,Yes,"$20,700"
OMEGA,Speedmaster Dark Side of the Moon,311.92.44.51.01.004,Excellent,Yes,Yes,"$8,650"
Rolex,Datejust Turn-O-Graph,116264,Very Good,No,No,"$8,275"
Rolex,Datejust II,116300,Excellent,No,No,"$9,200"
Rolex,Datejust,126300,Excellent,Yes,Yes,"$10,400"
Panerai,Luminor Marina Logo,PAM 1005,Excellent,No,No,"$4,700"
Panerai,Radiomir,PAM 425,Excellent,Yes,Yes,"$6,100"
Rolex,Datejust,126234,Excellent,Yes,Yes,"$11,200"
Panerai,Radiomir,PAM 424,Excellent,No,No,"$5,800"
OMEGA,Seamaster 300M,210.20.44.51.01.001,Excellent,Yes,Yes,"$10,200"
Rolex,Datejust II,116333,Excellent,No,No,"$13,800"
Rolex,Datejust,126234,Excellent,Yes,Yes,"$11,500"
Rolex,Oyster Perpetual,124200,Excellent,Yes,Yes,"$7,100"
Rolex,Submariner,126613,Excellent,Yes,Yes,"$18,000"
Rolex,Submariner,14060,Excellent,No,No,"$10,300"
Grand Seiko,Heritage Spring Drive,SBGA413,Excellent,Yes,Yes,"$6,100"
Panerai,Luminor Marina,PAM 1270,Excellent,Yes,Yes,"$6,600"
TAG Heuer,Carrera,CBK221D,Excellent,Yes,Yes,"$7,250"
TAG Heuer,Carrera,CBK221D,Excellent,No,No,"$7,100"
Rolex,Explorer,14270,Excellent,No,No,"$6,500"
Rolex,Oyster Perpetual,114300,Excellent,Yes,Yes,"$10,700"
Blancpain,L-Evolution,8805-1134-53B,Very Good,No,No,"$7,200"
Rolex,Yacht-Master,126622,Excellent,Yes,Yes,"$15,100"
Rolex,Oyster Perpetual,114300,Excellent,Yes,Yes,"$8,100"
Panerai,Radiomir Black Seal,PAM 754,Excellent,Yes,Yes,"$4,600"
Rolex,Explorer,214270,Excellent,Yes,Yes,"$10,200"
Tudor,Heritage Black Bay Fifty-Eight,79030,Excellent,Yes,Yes,"$3,900"
Ulysse Nardin,Marine Chronometer,1183-126/61,Excellent,Yes,Yes,"$5,500"
OMEGA,Seamaster 300M,212.92.44.50.99.001,Excellent,Yes,Yes,"$5,200"
Grand Seiko,Sport Quartz,SBGX341,Very Good,Yes,Yes,"$3,250"
Ulysse Nardin,Marine Diver,263-55-3/92,Very Good,No,No,"$5,000"
Cartier,Ballon Bleu,W6920054,Excellent,No,No,"$12,000"
Breitling,Colt,A77388,Very Good,Yes,Yes,"$2,150"
Rolex,Oyster Perpetual,126000,Excellent,Yes,Yes,"$11,700"
Grand Seiko,Evolution 9 Spring Drive,SLGA007,Excellent,Yes,Yes,"$11,100"
Tudor,Heritage Black Bay,79210,Excellent,Yes,Yes,"$4,500"
Rolex,Datejust,126234,Excellent,Yes,Yes,"$11,500"
OMEGA,Seamaster 300M,210.30.42.20.04.001,Excellent,Yes,Yes,"$4,500"
Cartier,Ronde Louis,W6800251,Excellent,No,No,"$7,000"
Breitling,Chronospace Military,M78366,Excellent,Yes,Yes,"$3,400"
Cartier,Ballon Bleu,W6920097,Excellent,No,No,"$8,500"
Rolex,GMT-Master II,16710,Excellent,No,No,"$15,200"
Grand Seiko,Heritage Spring Drive,SBGA467,Excellent,No,No,"$3,500"
OMEGA,Speedmaster Moonwatch Anniversary Series,311.32.40.30.06.001,Excellent,Yes,Yes,"$12,000"
Tudor,Heritage Black Bay Fifty-Eight,79030,Excellent,Yes,Yes,"$3,700"
Tudor,Heritage Black Bay,79220,Excellent,Yes,Yes,"$5,550"
Zenith,El Primero,03.A384.400,Excellent,Yes,Yes,"$7,200"
Rolex,Yacht-Master,116622,Excellent,Yes,Yes,"$14,800"
Rolex,Oyster Perpetual,114200,Very Good,Yes,Yes,"$6,125"
Rolex,Datejust,126234,Excellent,Yes,Yes,"$11,200"
OMEGA,Speedmaster Specialties,522.10.43.50.01.001,Excellent,No,No,"$4,800"
Tudor,Heritage Black Bay Fifty-Eight,79030,Excellent,Yes,Yes,"$3,900"
Tudor,Fastrider Black Shield,42000,Excellent,No,No,"$3,600"
Rolex,Submariner,124060,Excellent,No,No,"$13,300"
Rolex,Datejust II,116300,Excellent,Yes,Yes,"$10,000"
Tudor,Heritage Black Bay,79500,Excellent,Yes,Yes,"$3,150"
OMEGA,Speedmaster Grey Side of the Moon,311.63.44.51.99.001,Excellent,Yes,Yes,"$12,200"
Tudor,Heritage Black Bay Fifty-Eight,79030,Excellent,Yes,Yes,"$3,600"
Rolex,Milgauss,116400,Excellent,Yes,Yes,"$9,150"
Rolex,Oyster Perpetual,126000,Excellent,No,No,"$8,000"
OMEGA,Seamaster 300,233.90.41.21.03.001,Excellent,Yes,Yes,"$5,850"
OMEGA,Speedmaster Chronoscope,329.30.43.51.02.001,Excellent,Yes,Yes,"$6,750"
Rolex,Datejust,126200,Excellent,Yes,Yes,"$11,700"
Rolex,Datejust,126300,Excellent,Yes,Yes,"$10,400"
Rolex,Datejust II,116334,Excellent,Yes,Yes,"$10,700"
OMEGA,Speedmaster Moonwatch,311.33.40.30.02.001,Excellent,Yes,Yes,"$8,650"
Grand Seiko,Heritage Hi-Beat 36000,SBGH269,Excellent,Yes,Yes,"$10,100"
Grand Seiko,Heritage Hi-Beat 36000,SBGJ255,Very Good,Yes,Yes,"$5,650"
Rolex,Oyster Perpetual,126000,Excellent,Yes,Yes,"$9,500"
Rolex,Oyster Perpetual,126000,Excellent,Yes,Yes,"$11,700"
Grand Seiko,Sport Spring Drive,SBGE255,Excellent,Yes,Yes,"$5,200"
IWC,Pilot Mark XVIII,IW3247-12,Excellent,No,No,"$5,100"
Breitling,Navitimer 01,A21350,Excellent,Yes,Yes,"$7,200"
Rolex,Datejust II,116300,Excellent,Yes,Yes,"$10,000"
Grand Seiko,Heritage Spring Drive,SBGA201,Excellent,Yes,Yes,"$4,100"
Ulysse Nardin,Executive Dual Time,243-00/43,Excellent,No,No,"$4,300"
Panerai,Radiomir 1940,PAM 619,Excellent,Yes,Yes,"$6,600"
OMEGA,Seamaster 300M,210.30.44.51.03.001,Excellent,Yes,Yes,"$5,950"
Cartier,Ballon Bleu,WE902050,Excellent,No,No,"$6,500"
Cartier,Ronde Louis,WR007001,Excellent,No,No,"$15,500"
Rolex,Submariner,114060,Excellent,No,No,"$11,000"
Rolex,Datejust,116200,Excellent,No,No,"$7,500"
Rolex,Submariner,116610,Excellent,No,No,"$12,200"
Grand Seiko,Evolution 9 Spring Drive,SLGA007,Excellent,Yes,Yes,"$11,100"
Rolex,Datejust II,116300,Excellent,No,No,"$9,700"
Rolex,Milgauss,116400GV,Excellent,No,No,"$9,500"
Grand Seiko,Sport Quartz,SBGP015,Excellent,Yes,Yes,"$3,250"
Grand Seiko,Sport Quartz,SBGP015,Excellent,Yes,Yes,"$3,100"
Rolex,Submariner,114060,Excellent,Yes,Yes,"$11,700"
Rolex,Oyster Perpetual,124200,Very Good,No,No,"$6,425"
Panerai,Radiomir 1940,PAM 658,Very Good,Yes,Yes,"$7,000"
Rolex,Submariner,116610,Excellent,No,No,"$12,200"
OMEGA,Seamaster Specialties,522.30.41.20.01.001,Very Good,No,No,"$4,500"
Panerai,Radiomir,PAM 425,Excellent,No,No,"$5,950"
Grand Seiko,Sport Hi-Beat 36000,SBGJ239,Excellent,Yes,Yes,"$5,600"
Rolex,Datejust,126300,Excellent,No,No,"$10,000"
Breitling,Navitimer,AB0441,Excellent,Yes,Yes,"$7,300"
Panerai,Radiomir,PAM 504,Very Good,Yes,Yes,"$4,800"
Blancpain,Villeret Quantieme Complet,6654-1127-55B,Excellent,No,No,"$8,750"
Cartier,Santos 100,W200737G,Excellent,Yes,Yes,"$6,150"
Rolex,Submariner,14060,Very Good,No,No,"$10,750"
Rolex,Submariner,14060,Excellent,No,No,"$10,500"
Zenith,El Primero,03.A384.400,Excellent,Yes,Yes,"$7,200"
Rolex,Submariner,116610,Excellent,Yes,Yes,"$12,400"
TAG Heuer,Aquaracer,WAY208E,Excellent,Yes,Yes,"$3,000"
Zenith,El Primero Stratos,03.2060.405,Excellent,Yes,Yes,"$4,800"
Tudor,Heritage Black Bay,79360,Excellent,Yes,Yes,"$5,450"
Rolex,Submariner,116610,Excellent,No,No,"$12,200"
Rolex,Oyster Perpetual,126000,Excellent,Yes,Yes,"$8,500"
Tudor,Heritage Black Bay Fifty-Eight,79030,Excellent,Yes,Yes,"$3,900"
Panerai,Luminor 1950 Submersible,PAM 1305,Excellent,Yes,Yes,"$7,500"
Grand Seiko,Sport Hi-Beat 36000,SBGJ233,Excellent,Yes,Yes,"$9,000"
Tudor,Heritage Black Bay,79250,Excellent,Yes,Yes,"$3,500"
Breitling,Top Time,A23310,Excellent,Yes,Yes,"$4,900"
Tudor,Heritage Black Bay,79220,Excellent,Yes,Yes,"$5,300"
Rolex,Oyster Perpetual,114300,Excellent,No,No,"$9,300"
Rolex,Oyster Perpetual,114300,Excellent,No,No,"$11,925"
Grand Seiko,Heritage Hi-Beat 36000,SBGJ201,Excellent,Yes,Yes,"$5,100"
Rolex,Datejust,126200,Excellent,No,No,"$7,750"
Grand Seiko,Heritage Quartz,SBGV205,Excellent,Yes,Yes,"$2,250"
Breitling,Transocean,A19310,Excellent,Yes,Yes,"$4,550"
OMEGA,Speedmaster Dark Side of the Moon,311.92.44.51.01.005,Very Good,Yes,Yes,"$9,000"
Zenith,Chronomaster El Primero,24.2160.4068,Excellent,Yes,Yes,"$4,125"
Rolex,Oyster Perpetual,114200,Excellent,No,No,"$4,550"
Grand Seiko,Elegance Manual Wind,SBGK007,Excellent,Yes,Yes,"$5,000"
OMEGA,Seamaster 300,233.30.41.21.01.001,Excellent,Yes,Yes,"$4,550"
Rolex,Oyster Perpetual,126000,Excellent,Yes,Yes,"$8,200"
Cartier,Tank Americaine,W2609156,Excellent,Yes,Yes,"$10,000"
Cartier,Ballon Bleu,W6920009,Excellent,No,No,"$12,200"
Rolex,Oyster Perpetual,126000,Excellent,Yes,Yes,"$8,000"
Jaeger-LeCoultre,Master Ultra Thin,Q1358420,Very Good,Yes,Yes,"$5,525"
Tudor,Heritage Black Bay,79220,Excellent,No,No,"$5,250"
Rolex,Milgauss,116400GV,Excellent,Yes,Yes,"$10,500"
Grand Seiko,Sport Spring Drive,SBGE263,Excellent,Yes,Yes,"$7,800"
Breitling,Windrider Cockpit,A49350,Excellent,No,No,"$2,400"
Panerai,Radiomir,PAM 992,Excellent,Yes,Yes,"$6,250"
Rolex,Datejust II,116334,Excellent,No,No,"$11,000"
Cartier,Roadster,W62017V3,Excellent,No,No,"$3,100"
Rolex,Sea-Dweller Deepsea,126660,Excellent,Yes,Yes,"$17,300"
Tudor,Day-Date,76200,Excellent,Yes,Yes,
Grand Seiko,Elegance Manual Wind,SBGW253,Excellent,Yes,Yes,"$6,200"
Cartier,Ballon Bleu,WGBB0030,Excellent,Yes,Yes,"$8,425"
OMEGA,Seamaster 300,234.30.41.21.01.001,Excellent,Yes,Yes,"$5,400"
OMEGA,Seamaster 300M,212.30.36.20.01.002,Excellent,Yes,Yes,"$4,250"
Rolex,Oyster Perpetual,114300,Very Good,No,No,"$9,400"
OMEGA,Seamaster 300M,212.92.44.50.99.001,Very Good,No,No,"$4,300"
Breitling,SuperOcean,V17369,Excellent,Yes,Yes,"$3,250"
Hublot,Big Bang Tutti Frutti,346.CD.1800.LR.1913,Excellent,No,No,"$8,500"
TAG Heuer,Aquaracer,WAY2015,Excellent,Yes,Yes,"$2,800"
Breitling,Top Time,A23310,Excellent,Yes,Yes,
IWC,Portofino,IW4590-02,Excellent,Yes,Yes,"$9,200"
Audemars Piguet,Royal Oak,14802ST.OO.0944ST.01,Excellent,Yes,Yes,"$113,000"
Rolex,Oyster Perpetual,124300,Excellent,Yes,Yes,"$9,400"
Grand Seiko,Elegance Automatic,SBGM235,Excellent,Yes,Yes,"$9,600"
TAG Heuer,Autavia Heritage,CBE2117,Very Good,Yes,Yes,"$5,700"
Grand Seiko,Heritage Spring Drive,SBGA005,Excellent,Yes,Yes,"$4,800"
Jaeger-LeCoultre,Reverso,Q2511410,Very Good,No,No,"$5,150"
Vacheron Constantin,Patrimony Chronograph,47192/000R-9352,Excellent,No,No,"$26,000"
Patek Philippe,Calatrava,3802J,Excellent,Yes,Yes,"$14,000"
Rolex,Cellini Prince,5441/9,Excellent,No,No,"$9,350"
OMEGA,De Ville Hour Vision,433.10.41.22.02.001,Excellent,Yes,Yes,"$4,000"
Rolex,Milgauss,116400GV,Excellent,No,No,"$11,800"
Grand Seiko,Heritage Spring Drive,SBGA447,Excellent,Yes,Yes,"$6,600"
Zenith,Chronomaster Sport,03.3100.3600,Excellent,Yes,Yes,"$9,200"
Zenith,Chronomaster El Primero,96.2260.4061,Excellent,No,No,"$4,500"
Panerai,Luminor Due,PAM 904,Excellent,Yes,Yes,"$6,150"
Zenith,Defy Extreme,95.9100.9004,Excellent,Yes,Yes,"$11,300"
Nomos,Tangente Sport,501.S6,Excellent,Yes,Yes,"$2,850"
Panerai,Submersible,PAM 982,Excellent,No,No,"$11,600"
Grand Seiko,Heritage Hi-Beat 36000,SBGJ229,Excellent,Yes,Yes,"$9,600"
Grand Seiko,Elegance Manual Wind,SBGW253,Excellent,Yes,Yes,"$5,850"
Breitling,Navitimer 8,A13314,Excellent,Yes,Yes,"$3,950"
OMEGA,Speedmaster Moonwatch,311.32.40.30.02.001,Excellent,Yes,Yes,
